time,gFx,gFy,gFz,ax,ay,az,wx,wy,wz,subject_number,foot
2.2030000000000003,-0.6277214874930962,0.7963608043285034,-0.132129179271694,10.427231921274034,2.519122888622163,-1.0364894425081514,0.3597452759138288,1.4697541741825446,0.5106588562783759,1,left
2.204,-0.6430933674856392,0.816777390441314,-0.1714793888774967,-1.5920938376158762,0.09170155889622522,-0.9642339072369231,0.27099694003180713,1.3019050701610286,0.5969991882701642,1,left
2.222,-0.4345468868245179,0.8795145623612242,-0.2770109501489808,-4.345976520007957,-0.5168431988437688,-0.8324859046190622,0.32960165675533193,1.4686361536379202,0.48983528303500085,1,left
2.2430000000000003,-0.04524528322625444,0.9455405229130807,-0.2523752078088898,-2.405711345577439,-0.014242702080800612,-1.007930965529828,0.30998176152761314,1.2734810092135733,0.6198629896148511,1,left
2.244,0.030434273297478047,0.9576998649054045,-0.20986106020845913,-3.420780320342562,-0.36568279795903885,-0.8031540060048447,0.4767094597336107,0.3197704920698492,1.1708383125513695,1,left
2.245,-0.05134122154454421,0.9407568171088583,-0.24683609454776728,-2.0291506126639476,-0.5625873165945318,-0.0073300851471386486,0.5079958999109948,0.07574749333843675,1.2966685679116412,1,left
2.265,0.029054338357999213,0.9592397615340451,-0.21750576692150045,-1.7588891043679902,-0.6507829498080904,0.1597699372468902,0.47441404713124385,0.322589424464942,1.2033418618804639,1,left
2.267,0.015864528417921447,0.982129653373563,-0.14678512644490083,-2.239357313881896,-0.6338081418528697,0.05718924048230821,0.4995037251524187,0.08217528141578762,1.25569753543521,1,left
2.281,-0.18293425440350797,0.9654900874626403,-0.1502215293671838,-1.763621277884052,-0.6175798629507034,0.08895307379384397,0.4867929723346483,0.3091534950119534,1.2409119949056668,1,left
2.282,-0.2292474496049925,0.9572535455677876,-0.14244676943720153,-2.125154181116165,-0.6442247072679499,0.1109574055117899,0.5090075071510721,1.0958884035242011,1.2892564469236918,1,left
2.283,-0.19729879608667247,0.9604128782858112,-0.16355688220503292,-2.445635012278317,-0.6219530418069072,0.30849056445985845,0.5122842858451357,1.2635724459263304,1.3141106847388344,1,left
2.301,-0.3384951754834015,0.9409479166919931,-0.24333517716752295,-2.584881755298032,-0.6693944237707686,0.3344593249102995,0.5088609479601391,1.1370022451368729,1.2870491268504138,1,left
2.312,-0.3242113883670681,0.9388006751086455,-0.27617343733427036,-2.468945511070645,-0.5914920676662514,0.35177656415186387,0.5087818059759488,1.2288750698233368,1.309469628394279,1,left
2.3209999999999997,-0.13281010284171801,0.950577668771261,-0.30746239545692255,-2.623420807405102,-0.7100064062987861,0.2852638687490032,0.5134077845260641,1.1551165296215777,1.2947571497914683,1,left
2.322,-0.13121640762542303,0.9505236922068246,-0.32708516559219086,-2.3958666710472087,-0.5549513528327297,0.3820655448695661,0.555559813465502,0.9608958610238789,1.2710494371743297,1,left
2.322,-0.12464023212082091,0.9482730224015871,-0.31856943479449706,-1.22597326054133,0.13378654686910335,0.8932927247109093,0.5640541566945165,0.8661590243152488,1.2728122669061697,1,left
2.3409999999999997,0.04190427899321289,0.9527321493855283,-0.31689868184118836,-0.87977037602026,0.29224726469879975,0.9311179013035658,0.5573323412094446,0.9885387622757348,1.2638289376978395,1,left
2.362,0.11869943337201354,0.9666570420814901,-0.2858389707979706,-1.2369926478063316,0.1716047283706103,0.9728053384215753,0.5610039166593749,0.8411994042602269,1.2788868178281338,1,left
2.364,0.10255763454173109,0.9734838727023457,-0.2731989946304847,-0.9002265070446096,0.2423375985860538,0.8508906742216741,0.5503118587288882,0.24018802084455804,1.3489908864810793,1,left
2.365,0.11487936686196348,0.9668331995745651,-0.28640382284759647,-0.05276998078832512,0.17997049104509963,0.04587915791622188,0.5490283253706838,0.08708176926599909,1.3728726905056128,1,left
2.371,0.10866296068688666,0.9724489011552657,-0.2749564976944585,0.18224920020182844,0.16426378392679128,-0.14112016981920755,0.5509952726628389,0.2213215209289699,1.3452268512131873,1,left
2.385,0.0669803951026966,1.0085371123378648,-0.29288948011096216,0.003977535413485285,0.20444419151767038,0.022095124858296383,0.5493861076081447,0.11004006333124391,1.3763972492165788,1,left
2.4,0.02791628819995755,1.0404406594703488,-0.3399437379845527,0.13932362752628064,0.15383986189388632,-0.0992587872474577,0.5501354058663268,0.20052562614269343,1.3433128855153291,1,left
2.401,0.0071809827182207145,1.040386700019631,-0.33693302749904,0.028112000744564547,0.200394546398628,-0.019471494227171204,0.5501491059254144,0.4579487783062103,1.224509376012483,1,left
2.4019999999999997,0.036920358310944604,1.039101503866344,-0.345774658624861,-0.3606961541118186,0.24372348144777445,0.12063924634744991,0.5499817799139906,0.513014578532471,1.2003994537148817,1,left
2.419,0.09074039967698974,1.0510452875031777,-0.41255329809624175,-0.4564155770170313,0.2338592058210979,0.15559154247666468,0.5493528458635719,0.4773421842228529,1.2128762019571129,1,left
2.43,0.12898441680030484,1.0492486142384825,-0.4279707916205922,-0.37086960185456586,0.29432097308189814,0.12328329938174623,0.5518419021300391,0.4908142991187803,1.2140707433098856,1,left
2.44,0.1543996977259019,1.0399347708241504,-0.4023230491321418,-0.4341676009743077,0.17752927409257857,0.15877883968990442,0.546558075214685,0.502539262482707,1.2002754437950847,1,left
2.443,0.1791156514453176,1.0413602897942122,-0.4168913317966691,-0.41081600307445,0.3426753817576623,0.12243308085743142,0.5252510626894399,0.5528588474571512,1.1232569288803211,1,left
2.445,0.1697874696240793,1.0371393541801635,-0.4043087486757731,-0.2446983313974211,0.9815510316595204,-0.09939276804739293,0.5129679186050735,0.6217928201191611,1.095208293599555,1,left
2.47,0.0004264924266647735,1.0440964314727466,-0.31411346610845414,-0.35345409123141835,1.168430258194413,-0.108937083970084,0.5284549896196602,0.5263504476005488,1.1251182445833918,1,left
2.511,-0.21187585320670418,1.0654318179410076,-0.24760142800392587,-0.17627806225370443,1.0134553308715268,-0.12301758880614497,0.5109150535878209,0.6384767670410829,1.0948773245970598,1,left
2.515,-0.25357660620834443,1.0739493239085927,-0.25083316220328333,-0.39275799241639303,1.1189926389826992,-0.09007152967444126,0.44860767201922724,1.0272395401586072,1.0055370543583675,1,left
2.522,-0.2051249549158231,1.0677966595103774,-0.2505762031556007,-1.4563241955943778,1.3179170633880963,0.2308169398965516,0.43285737056238704,1.1164241196005387,0.9730166736099484,1,left
2.524,-0.2516397729674334,1.069634372358868,-0.24787411503456364,-1.6036897468389786,1.3223139119283829,0.26341152958187275,0.4452422462581098,1.0664833611102544,1.0097654312118918,1,left
2.526,-0.33577785023695295,1.1530942937481714,-0.23411152121775683,-1.5360954646936122,1.3435115195882532,0.24008374000936583,0.4364520634529716,1.0704456331320247,0.9665269793716343,1,left
2.5269999999999997,-0.2843168937597532,1.2648177281306225,-0.19357739715663652,-1.5502204626379632,1.330203048833459,0.2670885244320378,0.4424900641130685,1.1063263962901386,1.0172242517125911,1,left
2.528,-0.284837562845486,1.2761843949504674,-0.2082573397440908,-1.5191149139295825,1.2949442228991872,0.21014005600513477,0.4677377679207675,1.2280477495039206,1.3091092087209604,1,left
2.528,-0.27045641325357384,1.2637661015105355,-0.19172604495960688,-2.2656834928670606,1.5457431644298782,0.3961142591758713,0.47291900467502407,1.2841969744792194,1.3760441033271302,1,left
2.539,-0.08765029984216119,1.2756606527200312,-0.11532123419889624,-1.9590149455117183,1.3209645856730106,0.20441772357694515,0.4656470778952281,1.2562941618739445,1.295149638358541,1,left
2.556,-0.07992978324252228,1.2655880067116998,-0.11068545110293876,-2.4364695640058187,1.6377096877307586,0.4632138920693205,0.4761363914022587,1.2338449316262825,1.3972636685710662,1,left
2.56,-0.07041190856216131,1.2717615725242535,-0.10155796162953207,-4.755473500391149,3.2397504158866415,1.6825512737532393,0.46255363139487826,1.3193758515645788,1.2709494641865229,1,left
2.583,0.12280906268443578,1.2535791544933221,-0.06567510203958277,-5.290295554927489,3.6094432314279064,1.958099169158747,0.47729606713788786,1.1721950655122364,1.412928344478082,1,left
2.585,0.16023745084285668,1.237013795334549,-0.030125181626926158,-4.92370123488428,3.269950288981276,1.7338373267801808,0.5549057899953467,0.7430524772263725,2.056976166063053,1,left
2.5860000000000003,0.10168529132356839,1.2972568404891822,-0.08905423001915694,-5.0315322089857375,3.576450796861307,1.895786853496034,0.561158597187894,0.541055820117974,2.1595159710041667,1,left
2.6,0.11212337127750308,1.4539538065338147,-0.25729842859223717,-5.211494654461626,3.2882628339840996,1.7836688395138205,0.5633836457524375,0.7125771853741936,2.111105345063338,1,left
2.603,0.0974141738229157,1.5673049049289736,-0.2726721785591704,-4.774707893447982,3.566708964426306,1.8699205120907874,0.6426474370777007,0.8655010418642919,2.439502816908457,1,left
2.6039999999999996,0.09083776993258269,1.41349424456259,-0.27695354163556113,-2.854295999595564,4.7114024399332965,2.3161501629846866,0.6602180661039386,0.8500116980913284,2.502909920471343,1,left
2.611,0.12117016606606204,1.5968548596333783,-0.25853073637880153,-2.142495994311586,4.912159030762869,2.414029312651623,0.6379197160474729,0.9988872606026451,2.404156417076223,1,left
2.6180000000000003,-0.21041340797085004,1.9775737389224595,-0.1479101006284869,-2.859617937653824,4.79605134263722,2.2942391580009325,0.6630905242446788,0.7265036856927799,2.5178954746653495,1,left
2.638,-0.8158917152263278,1.6331011974166658,-0.2529798197196944,-2.224287146764917,4.8181747970514825,2.4319217345324717,0.6369435002848154,1.073042674226765,2.412680163884067,1,left
2.641,-0.8818221540742889,1.5136627153154358,-0.23350136713450959,-2.6661932415181395,4.87005668672611,2.29784639818688,0.5516697112781059,2.4750675396171316,2.133364834998318,1,left
2.6430000000000002,-0.8249983694755576,1.5824479635419508,-0.27632755299463396,-3.5488474427931607,5.119951534488571,2.08567081414383,0.5309888233591993,2.7152115526186353,2.1207869656499976,1,left
2.665,-1.4331885713640613,0.8535277361512865,-0.7713641749622816,-3.136787131686652,5.168835914089758,2.1031823087378196,0.5456747104651551,2.63010247476019,2.063665427143139,1,left
2.6689999999999996,-1.4279071853757395,0.8540738582014881,-0.8248175409544878,-4.162425525450783,5.207843764644613,1.9203395262269332,0.5375904779602266,2.565423976348904,2.1800332997180947,1,left
2.677,-0.6282555507723859,1.5737196967057825,-0.5201814122673936,-2.5786666990009226,5.042907981828059,2.3066285050094866,0.5397581470398134,2.7054741636082182,2.0417394910486646,1,left
2.679,-0.7535088792877598,1.4990291229989978,-0.5573785375362428,-4.4348079994320635,5.343005880137438,1.7210177497511783,0.5420062488034967,3.6624302662428914,1.403439987685771,1,left
2.681,-0.5506511264074004,1.6319739885847429,-0.5231168477512411,-12.606083693206163,6.6965860374391095,-0.7042894285979575,0.5372700032025046,3.5828543721037094,1.39996713867455,1,left
2.696,0.8046534019500085,1.9346912345633336,-0.594256423220176,-13.492054095871914,7.194879070373677,-1.5111702194024212,0.5421988204719586,3.9099354367160988,1.2652588424931634,1,left
2.716,1.21756034416695,1.472245315367942,-0.9043977617786874,-13.70774444745846,6.650106297210153,-0.7071053949144779,0.5399507085768912,3.3503283399761035,1.537815049367362,1,left
2.72,0.9871153724705819,1.2580310615036616,-0.9008347107463447,-12.398752687194968,7.209834993351048,-1.4498634618529407,0.5658483868415063,0.47735019444885873,3.087897785010092,1,left
2.722,1.1617234568944577,1.4401461106135591,-0.9353199602939994,-2.9160119020143274,8.866073121682712,-3.34170798244973,0.5805769585939171,-0.18651232776742593,3.4952065750451045,1,left
2.7310000000000003,1.0483406037870524,1.3058254744576718,-0.8741711040663085,-0.6964635531811718,9.363378471819523,-3.846978730756573,0.5514345096883605,0.3229685771551962,3.103253653079916,1,left
2.736,0.5167648962888833,0.8502739240451563,-0.3858317606048991,-2.6107704602951918,8.940164657035307,-3.4817855205875596,0.5961208584726735,0.03445737326852699,3.446703285148984,1,left
2.7560000000000002,0.1505525527763553,0.4572011666595945,-0.2340633140132344,-1.2730471995664612,9.256990766582055,-3.7201213479694837,0.539898888056703,0.10615916151046165,3.1732800020297915,1,left
2.759,0.1408155119859678,0.47342666109461523,-0.2716337549182311,-1.993559647312177,9.104013149206914,-3.5894665433420596,0.3574491880602449,-0.260700181012941,2.59154710288729,1,left
2.761,0.16010878636235348,0.4692844996299678,-0.26061751491952523,-2.3717873985895466,9.521892234260093,-3.3892590835968885,0.31322182695634954,-0.45018613230589016,2.542830986600931,1,left
2.782,0.14389094044036704,0.25172428673249114,-0.5525343889502109,-2.2342927328992466,10.039367429077764,-3.4738497197127534,0.3290472982162655,-0.22580195931837993,2.4279351885824996,1,left
2.7889999999999997,0.1504096556129464,0.24562363555130112,-0.5701577472162926,-2.576506561876689,8.98070993507704,-3.2494242567326355,0.35294014136743923,-0.4392156935928564,2.7215892190833424,1,left
2.825,0.10455280494253612,0.3580379641438446,-0.3075208514415939,-2.135585838990582,10.63314972815216,-3.6300855374178527,0.28443931995088245,-0.2707824827839038,2.269087621956985,1,left
2.8280000000000003,0.09228997278713957,0.3376626974025756,-0.336935576802708,-2.601980764578763,8.495506217116546,-3.107807276039231,-0.004492984182475582,0.24358308449192212,0.41358890483167116,1,left
2.8310000000000004,0.10930039535792586,0.36625662524711844,-0.29727708937815234,-3.9739229872426787,-0.2936717932790447,-0.9690305772959114,-0.15033808488741102,0.24641228993273492,-0.16635728398776156,1,left
2.833,0.16961629482117982,0.4914123943722588,-0.16697341639626953,-4.34510802918381,-2.4745934411230435,-0.34307749786920205,0.017613009484588285,0.33930647928879065,0.3676718702701031,1,left
2.835,0.2221298147619355,0.4989039837059774,-0.2725100942393667,-4.0589100215776766,-0.7507995222774289,-0.916092204133621,-0.15396251235096964,0.17362992687549433,-0.06788796692235505,1,left
2.8369999999999997,0.19504325245337156,0.4622626730805682,-0.3243354605809402,-4.2651402411250245,-1.88330453864396,-0.4399749805932483,-0.6533447704410733,-0.5955007220108357,-0.806135492694913,1,left
2.838,0.22788950442361566,0.49581552610655394,-0.28072775757057244,-4.726149132651899,-2.2344203493192056,0.49132614062383173,-0.7568609808281965,-0.7537668073003869,-0.9520326504963563,1,left
2.86,0.19124296790342404,0.46665037844201834,-0.31414421576188234,-4.849458604796604,-2.366681608133117,0.7299777164021751,-0.7191300253718482,-0.674674159327332,-0.9674327254521162,1,left
2.863,0.08542347987335687,0.39012493778893476,-0.29016661375287095,-4.719984590806238,-2.511779296428637,0.5983090542742164,-0.6880464357495755,-0.6564786414077591,-0.80950293796864,1,left
2.8739999999999997,0.1326197982277061,0.3838882946323521,-0.216357307723065,-4.87808319762401,-2.236673170743604,0.6493724854134734,-0.7725742487569998,-0.7560161949233873,-1.062672563045671,1,left
2.8760000000000003,0.13647580090799297,0.3918049329519643,-0.20646313319241744,-4.68891383716052,-2.525550035972022,0.6458818837461674,-1.1543631809496206,-1.2881467187275475,-1.9650978949095586,1,left
2.877,0.1538978829515874,0.39200537999994955,-0.21138963216862666,-4.065609425816577,-2.895121396469425,0.6127326514679812,-1.251702341998993,-1.4108374012394542,-2.1891537173653135,1,left
2.8939999999999997,0.30937122648573906,0.41531284379810185,-0.18999431992248744,-3.9067895121805885,-2.996637625755178,0.6206047717628363,-1.1932334237027682,-1.3477396736993992,-2.0812320903829837,1,left
2.909,0.3524053048897692,0.42605722828960213,-0.1893168567047876,-3.973217389259117,-3.03350398037525,0.6273926425116239,-1.1993163261865323,-1.3304177316684471,-2.043088183839129,1,left
2.9139999999999997,0.3500984968549712,0.4436109245326828,-0.21088223722315336,-4.048337188298136,-2.870375238218573,0.609488379279697,-1.2429431421642172,-1.4209097526191528,-2.219445495744816,1,left
2.918,0.38479138137862956,0.45617610786137075,-0.20924233969855804,-3.7986883591403893,-3.11796679091781,0.6243502364518845,-1.5045735025046727,-1.9367333900272141,-3.082852539957121,1,left
2.92,0.361365682411793,0.4442340856319802,-0.21040060771352043,-2.7742157723033234,-4.078130501346882,0.7221931387440421,-1.5975601255040517,-2.076214872742643,-3.4078651792977825,1,left
2.9339999999999997,0.3423815262623741,0.49510171383871293,-0.27001958812235427,-2.1650957222680574,-4.306253220597229,0.6743534006909224,-1.5083438140765417,-1.9639978795922939,-3.0839354738293343,1,left
2.97,0.33347060032966436,0.5661227515310652,-0.32977769791882605,-2.9069734969264003,-4.163768994607214,0.7679461487412585,-1.5806617847529978,-2.031093100558825,-3.366901106207184,1,left
2.9730000000000003,0.3215703606904665,0.5720731713846419,-0.33008411084478584,-2.1118716921634615,-4.20964757958213,0.6412774639673502,-1.6831309518893973,-1.971800767457944,-3.9359494961808648,1,left
2.975,0.34158973897279815,0.5696207670583638,-0.33010131132811366,0.35951787549284664,-3.920768678869075,0.13996580858755114,-1.7021847053468688,-1.9509560079105455,-4.05236499058635,1,left
2.977,0.31852155335807963,0.5701792083589818,-0.33028666496970427,0.8874013911539254,-3.848789866412364,0.049164345977225424,-1.7112193320824511,-1.9992675853575441,-4.039848152033515,1,left
2.978,0.3664411427505,0.6868572958492172,-0.34819252091479735,0.6609206627575701,-3.926062967481627,0.06922817471651158,-1.679202705388119,-1.9380633005188905,-3.9581491351031923,1,left
3.005,0.49427648838686267,0.8503097020594522,-0.4044655688760621,0.5620079076732354,-3.8652833811056833,0.13058649393503916,-1.7241620236815578,-1.9967333433050996,-4.103648265004181,1,left
3.009,0.47074129514361857,0.8191715261841792,-0.39264671178298505,0.9172784015917236,-3.9087846362839547,0.007671979242434186,-1.8898214619522333,-2.185596439382665,-4.689872452324807,1,left
3.011,0.5246329056735439,0.8714948133413162,-0.40883493460613696,2.3428272842219635,-4.299169897273529,-0.38713012230236,-1.9200550293028558,-2.1982276122884143,-4.82436893053832,1,left
3.013,0.6746045084491942,1.0219740649899305,-0.4925764271754392,2.731426815682881,-4.402682447333357,-0.46711809547872657,-1.9126007467156971,-2.2155709487358806,-4.752887960645118,1,left
3.037,0.7675715572593663,1.0973441612475339,-0.5028167838341217,2.5902436694271627,-4.17900672762756,-0.5095511576324222,-1.8970090957047483,-2.1807843473373447,-4.75227892134583,1,left
3.0380000000000003,0.9401231550371937,1.2706793669366219,-0.5136792522256701,2.3690213179998967,-4.59154546593894,-0.29773813238628855,-1.9269420853205108,-2.2060995012000566,-4.808426678123848,1,left
3.0389999999999997,1.0041138083486876,1.3170144332838172,-0.5004391190664511,2.989359805089715,-3.941641496252186,-0.6910536832958396,-2.107203082627282,-2.385793831349245,-5.200145978575323,1,left
3.04,0.9757778768925508,1.2947659926356634,-0.5221224635630739,5.757277993153442,-1.401263998291026,-2.331333025465103,-2.122719432525539,-2.289154658127967,-5.265601509378554,1,left
3.0589999999999997,0.9745875909281011,1.428158426780346,-0.6402376471392982,7.014274311940097,-0.2762016464383288,-2.986724622349289,-2.127599878788155,-2.4751349145069095,-5.233393300672314,1,left
3.071,0.8613421164076724,1.4924563129095136,-0.6530718489716258,5.594848559336878,-1.5696821817961344,-2.2867832728189335,-2.108966292368205,-2.2197681148188133,-5.236421372220756,1,left
3.072,0.7886318554690517,1.4924507444689863,-0.6550466703544198,7.0426514088850105,-0.20382768648327976,-2.9658767397860117,-2.0120032718516017,-1.161595830381176,-5.124453213319126,1,left
3.072,0.8738186310706855,1.4800134110057712,-0.6396129376940607,11.442247787548105,4.135379084245884,-4.925993182058596,-2.0307313413183863,-0.9430178464017944,-5.166816320263844,1,left
3.088,0.7930802382378647,1.5062036429397194,-0.6591020879937775,12.485848408756613,5.221705370860519,-5.367443118099748,-1.9576117187396145,-1.0480186975911092,-5.047212272761165,1,left
3.091,0.5095012295009991,1.432835471160273,-0.7103111964174047,11.810480633676471,4.45810488650841,-5.1017533387252705,-2.0923156687173914,-1.085802377196593,-5.255956385190177,1,left
3.112,0.32750563053184334,1.200543988505913,-0.584932584947925,12.116329865198288,4.866173204477449,-5.211035144322756,-1.913224131899703,-0.9143255500801318,-4.986918630546007,1,left
3.115,0.27964469365248856,1.1928821945481913,-0.6272163652541425,12.105511356164424,4.7788929640906925,-5.198439772603062,-1.244666431577853,0.10900074170074564,-4.074265056568432,1,left
3.1180000000000003,0.3928103721831131,1.1705692613840322,-0.5749782112636088,13.072216818113013,5.063839980490133,-5.460370120532522,-1.116396821040738,0.42284576305374577,-3.926787760595049,1,left
3.134,0.5130168268564059,0.9547624382981029,-0.49680668666492345,13.378629195598826,5.4100484489252985,-5.428432524613676,-1.1419070817706976,0.1002897268667044,-3.872088135067509,1,left
3.1510000000000002,0.7148654919036068,0.8735876936609746,-0.5638300214280522,12.952857895538251,4.946414369481364,-5.516044117033404,-1.24452477988074,0.4082416847126079,-4.181484643402587,1,left
3.155,0.9792807775268421,0.8347030035266346,-0.4767975789578086,13.562978013744067,5.458506343612546,-5.420996371900314,-1.0218728602725478,0.13222717385974012,-3.626135906827488,1,left
3.157,1.1237641758537413,0.7178949805831314,-0.8850703540729441,12.666469637627618,4.993336481875145,-5.4109939229367034,0.013394440501660998,-0.7364851227415992,-1.1897177375546544,1,left
3.159,1.069530514837568,0.8526968955372315,-0.28651032009162763,9.515525022012245,3.175219118903204,-5.6687769402397485,0.347704301050884,-0.8739409656768754,-0.37670263651098956,1,left
3.181,-0.4249595412141218,1.8375998210236464,1.0660930519499996,7.799309726923785,3.184237947370603,-5.0001253723173535,0.03267636212388597,-0.8457711695061008,-1.1751871840399717,1,left
3.19,-2.424485694175032,2.557093809069446,0.21773601412091137,9.9315961059236,2.800560138971061,-6.135831350661357,0.2929795910286329,-0.7531419738583809,-0.460880495552769,1,left
3.1910000000000003,-2.631203300076141,2.2540433030836806,-0.5464744790667437,7.518011128691702,3.5324665604416667,-4.601325796639888,0.7299072784994981,0.05748237795334596,1.2437316405594876,1,left
3.1919999999999997,-2.41608991920491,2.65487244494048,0.13922693085521182,-1.0809912291360737,7.390691317868443,1.9324467428423822,0.8233347186013515,0.37002730251508087,1.6797443531008507,1,left
3.2230000000000003,-2.6013681592209634,2.1808538556851924,-0.44670818871711954,-3.2472447926460353,8.383218198731843,3.5765205282895467,0.8213044488105843,-0.02639088275760358,1.3839955106767223,1,left
3.2260000000000004,-1.3813803711290065,0.32818652417904237,-1.2818108560798795,-1.5907340588753363,7.509592216197093,2.2478114208835045,0.7433310814111049,0.4214961358304927,1.5784456121616137,1,left
3.235,0.40187216263322034,0.39787014720188296,-0.7513661340869622,-2.638147325360212,8.16269614618715,3.1330766744985095,0.8763456719931169,-0.018106611856352733,1.4282593213387387,1,left
3.237,0.3774139765976915,0.634825297323776,-0.5386386022717937,-2.186079131718307,7.785439888177916,2.7270119374712936,1.4124168805108455,-1.5865860875391924,0.7325675267045499,1,left
3.238,0.46884241713719477,0.5610581566830201,-0.6192560212296561,-2.217165304445621,7.671536384094772,2.884998022479405,1.5535826492433344,-1.7346791777790314,0.5071818720031893,1,left
3.258,2.1308395459629352,2.1149637314204734,-0.046190761153725335,-2.8079772705413575,7.993994531511172,3.4393342950110584,1.4475408230657143,-1.8345533199348658,0.8195746525991144,1,left
3.2880000000000003,2.226368758882319,2.219728948927244,0.05422059572874331,-1.7382771419265306,7.238158313128304,2.398168335322386,1.5131303294590428,-1.5171964380295853,0.4270362189902444,1,left
3.29,0.9754880207108586,1.0366763992115442,-0.2103379845070458,-3.2273065597475457,8.431034067592336,3.878665263638604,1.4784562468379376,-1.919486959507652,0.8492288561728636,1,left
3.29,0.9552273121019219,1.1713928362651367,-0.039956970147787166,-1.4807167508270118,6.901416798349337,2.120533223804916,1.4492933984247187,-4.070534975796177,2.6169919612658687,1,left
3.2910000000000004,1.0299137587950566,1.0143860578323178,-0.2246119637317175,5.612695257166635,0.7049149693410892,-5.00885750402025,1.4259385252177537,-4.013755058436276,2.8211421327696193,1,left
3.292,0.244659672085288,0.5671796382850982,-0.7275935064458531,7.004863257182395,-0.811490575416651,-6.4262963915257405,1.4608143622741192,-4.52929336306133,2.8354893260390375,1,left
3.3080000000000003,-0.59530607483792,1.0124299167347783,-0.7030473029388564,6.165682527418004,0.3617230648882148,-5.572269387169866,1.4165313460080526,-3.5898008170461027,2.614070245574039,1,left
3.31,-0.8381503118276691,1.1956908962704615,-0.5508096802548013,6.4221004001000335,-0.3850083960613566,-5.823140491144714,1.237161081664874,1.4869793124315596,0.9000633287715246,1,left
3.31,-0.5286463249836659,1.043150199562652,-0.6744237018354583,4.265448776411887,-0.4879797549023097,-3.5792224819625047,1.2194815254724225,2.6314905816947345,0.5464821053995982,1,left
3.3280000000000003,-0.8942836328296639,1.1572358655645192,-0.5792353405937678,3.908751438860989,-0.563709912833642,-3.16077314775819,1.196647997722603,1.732640179134941,0.8072362438970366,1,left
3.35,-1.225634975941705,1.0600101350357152,-0.20879002762439028,4.22413939282637,-0.64307988696124,-3.560421587755047,1.267691544456563,2.2945549152583267,0.6859640019032722,1,left
3.3539999999999996,-0.4150590413497586,0.8252620267538606,-0.040773548574217666,4.066086228768328,-0.5148341424733837,-3.3157250262116196,1.1554677276823786,2.0277642826209976,0.6832849535366095,1,left
3.3560000000000003,-0.1374778224823155,0.8074908755477888,-0.07323479360143914,4.092225178318653,-0.6232269972636703,-3.3920723340684376,0.6384033047941701,2.107464934436007,0.16927588606463795,1,left
3.3569999999999998,-0.30317185466463925,0.8021223134667594,-0.0487621251995625,3.780851063587407,-0.5251207919703096,-2.9648309709515375,0.5105848528650664,2.025170467451984,0.11459610738318085,1,left
3.3680000000000003,-0.1854253962167116,0.7848030937545108,-0.1022466372993264,4.0463299799615955,-0.5314969198880322,-3.024448523037694,0.6128976590070416,2.205198825046149,0.10149568248799411,1,left
3.387,-0.4073452117688875,0.8723863306214646,-0.25545676389533156,3.3722418562192917,-0.5616855621533825,-2.771735941487317,0.5441154063600369,1.879938566637341,0.1999967382953697,1,left
3.389,-0.45769323755316277,0.9068001685036218,-0.2868056096516821,4.522990861490353,-0.5163143259471549,-3.2789297851281263,0.5137649600718485,-0.17076761921302636,1.0487376442768515,1,left
3.389,-0.41259962853518284,0.8762854830598967,-0.2515332760418625,3.008153052729721,-0.5557730319361082,-2.5606803927348096,0.4910606435341765,-0.68362213495533,1.2266397102281408,1,left
3.39,-0.4315906300688693,0.8997727561278621,-0.2892352552824688,-3.7465346517628375,-0.5896016423198529,0.8405152410072996,0.5108377145346151,-0.16751661790107264,1.0774674943159774,1,left
3.408,-0.21164524556467895,0.9440275676722505,-0.3112423516101303,-5.072827742958426,-0.5710698527541214,1.5200368855611546,0.48347931795548427,-0.6482899127117392,1.1710142736053497,1,left
3.428,-0.171417115514247,0.9629066724477258,-0.23692608126708378,-4.2780731148820275,-0.6275772422259841,1.0882510922654274,0.5218893999626122,-0.2246322507947503,1.137005530325554,1,left
3.43,-0.2096525761809187,0.9591305672845688,-0.20578507229011672,-4.472231134842531,-0.5395222721614679,1.2306611062367305,0.7264669645589397,1.0381327381052885,1.2446152620422481,1,left
3.432,-0.1727835810747802,0.9598593218747683,-0.23136043446037097,-1.9116958323873132,-0.19398055911986598,0.05067536640474346,0.7703412870225317,1.2888831302225128,1.283176064711738,1,left
3.457,-0.25326397562452396,0.9603790522334895,-0.19135520431688874,-1.397375362245451,-0.09237056677547278,-0.15850662647495162,0.7363560107707501,1.1452190963927218,1.2370564446698689,1,left
3.4619999999999997,-0.2315313944463322,0.9597945251495186,-0.20563663918244202,-1.906064093351136,-0.17396167225810805,0.055766803712379874,0.7559409293019784,1.1915734691692133,1.2782762296516417,1,left
3.49,-0.08284981595060745,0.9699029594842911,-0.2982259739004822,-1.5670979993353114,-0.12343914537108537,-0.08863022491762143,0.7504889512653843,1.2107421509497907,1.248096961660389,1,left
3.492,-0.08297466381054132,0.970440314794428,-0.2972274275860898,-2.221554740173465,-0.08859202743458132,0.25218699632407143,0.7456958353177473,1.1722191844551422,1.2651333668980511,1,left
3.4930000000000003,-0.07247320334548815,0.9690741865727548,-0.306910536579285,-2.3361804464139078,-0.107144163203233,0.2778438303625241,0.7152634990777155,0.8627676342155282,1.3415352824102094,1,left
3.4939999999999998,0.11041886136055902,0.971733952599403,-0.3906360606175571,-2.0650207162216354,-0.06246497734635106,0.21358853188443822,0.7059422034793363,0.9131064364074553,1.3325827099795156,1,left
3.5060000000000002,0.1992804928590126,0.9770149217863713,-0.39958394948773346,-2.408899380352512,-0.11904388378040043,0.2760720830074683,0.7118467081903255,0.7961074577617252,1.351185960348589,1,left
3.5069999999999997,0.18205815709144052,0.984616958869593,-0.38202387530702514,-2.0830140544708033,-0.0711229584230697,0.24678753463332948,0.6803593854322516,0.05589359921530451,1.4186808049655093,1,left
3.508,0.1969366178881879,0.9737023258750854,-0.39542504176816995,-0.786410432418144,0.2526066692667246,0.2156505759284342,0.6778706220406061,-0.10425175672945353,1.4369232311398759,1,left
3.508,0.18314067615942128,0.9874634772684858,-0.3872619064143086,-0.7223326704204525,0.22008513105010097,0.2885448320393912,0.683603817231068,0.013944210541127006,1.4317629450253737,1,left
3.5260000000000002,0.1674441955517283,1.0324253447599756,-0.37043595335602375,-0.6209486907617243,0.30359014391625083,0.17762745645282835,0.6748556153394362,-0.03545459707968649,1.416689883302059,1,left
3.55,0.1520490939716742,1.0464522314909313,-0.37118925809791015,0.8214385285213445,0.8749590618492417,-0.28769946359638116,0.6869536252991106,-0.060236253211844795,1.4552752718704836,1,left
3.552,0.10767407355998879,1.05560754942311,-0.37798533310787263,1.0748888333857836,1.001373105977519,-0.4003741221467394,0.6710674613178871,0.02486224694839447,1.3952355686186886,1,left
3.553,0.09369673165397521,1.0619646798784612,-0.3821352949858903,0.8574131044954909,0.8940768498125569,-0.31661919761222723,0.6108427199470955,0.415047989879872,1.1496392859145432,1,left
3.588,0.11397199627272728,1.0403188296702353,-0.4080751136091506,1.0060406617757025,0.9647998307781578,-0.3691584807520646,0.587470824864236,0.5426266031801438,1.0703847398186628,1,left
3.59,0.10885358389166364,1.037787883975133,-0.4119417640969829,0.9130713938528895,0.9366383081553242,-0.33704527136772183,0.6138714572323447,0.42621740535370495,1.1459761593140922,1,left
3.591,0.048633392565975556,1.0436743506277073,-0.3773974096704824,0.9964314647850285,0.9250127257244598,-0.36572784232313393,0.5854023124967345,0.524515473643685,1.0797471844666573,1,left
3.592,0.052441409363727334,1.0353984954234274,-0.3838236153339619,0.8674962924565685,0.9681775911873923,-0.3257148406734661,0.49440903076210135,0.671375953135736,0.9235553431842112,1,left
3.594,0.04880525263733057,1.0445817250702985,-0.37498562468992686,0.6508538162524549,0.9756374767279407,-0.22265855092881232,0.4666862768098998,0.7471578472632536,0.8831199003547655,1,left
3.6039999999999996,-0.1820037368826691,1.0271186466784954,-0.2955041799926381,0.35177822826401767,1.04123540110383,-0.1559888764993418,0.4916006399235042,0.6712366941860661,0.9111669645116341,1,left
3.6239999999999997,-0.38479549726030293,1.008755123266905,-0.24505225621677326,0.687378809563027,0.9937558562871862,-0.21246734186446392,0.47056172946779057,0.7504487386702734,0.8933408740093371,1,left
3.625,-0.39595094344407783,1.017993392965126,-0.25328454289121705,0.41374975897081856,0.99804189363858,-0.19486283934901058,0.4366751197640534,1.0905481372807095,0.9223667101211508,1,left
3.625,-0.38726813476756017,0.9935186805103355,-0.24953100138791842,-1.5072670782230233,1.230973761472002,0.13525489527653906,0.4269510630471496,1.1652927886698012,0.9237065093740982,1,left
3.628,-0.385581787655205,1.034619603048981,-0.2464524241732328,-1.3166596857900275,1.0873252519626675,0.0013022197590981527,0.4284829837597302,1.1001905825357918,0.9063992363655115,1,left
3.6439999999999997,-0.41405025618118174,1.0903534461727291,-0.26853478681064036,-1.796980825919305,1.3046512143769924,0.21052278522127624,0.4367496311014383,1.1550734438266208,0.9481252099790594,1,left
3.6639999999999997,-0.3762654670335104,1.1492503574959188,-0.246258638821562,-5.023303903286851,2.2838633259751773,1.3207524949096097,0.41802554959316024,1.108578216497897,0.8740568330195428,1,left
3.667,-0.2608715568600102,1.2871414708307378,-0.2080036843799201,-5.723859060730339,2.5440911590854958,1.5641338144241965,0.44626947063366285,1.14725846087296,0.9838907175444882,1,left
3.667,-0.19632062304392212,1.322465497399459,-0.16979011366724128,-5.162069572996549,2.326774594085126,1.3650133620263076,0.5610528109197719,1.3194546917109347,1.4411305930199918,1,left
3.6830000000000003,-0.13174092091148648,1.377605914657566,-0.0898401996135288,-5.478688908154636,2.470460200173602,1.5044768832615967,0.6000066675585876,1.3306945348420083,1.609676938250159,1,left
3.687,-0.0741032431457823,1.3778068682056552,-0.052762873786666636,-5.433185009012199,2.419595275507658,1.4196942543037196,0.560036591315368,1.3407172904584836,1.4235544736423584,1,left
3.7039999999999997,-0.007764116287414243,1.247603216199929,-0.043392761282118886,-5.255194291079382,2.3656973657484928,1.462027187622715,0.5992564756210443,1.309056870577498,1.6187413171150227,1,left
3.707,0.01905949299258209,1.2662648510896586,-0.0206168708613556,-5.552785894589233,2.5292890899615945,1.4577789969283856,0.701947878900971,1.0679151492827719,2.2042643841007643,1,left
3.71,0.009315858373654125,1.2147801465255164,-0.03585506222795584,-6.104923703500786,2.5553913588801205,1.530326792871909,0.7365098382121333,1.0086276009172765,2.3880879339682854,1,left
3.7230000000000003,0.12179740153655821,1.2921599358954174,-0.11721119065279817,-6.214641832733964,2.8832262561603548,1.6620391983708516,0.7051772379010568,1.0719926862966274,2.222193893831909,1,left
3.7439999999999998,0.09030335013669563,1.6298962829721797,-0.24937330931737148,-6.398434519897093,2.5663212199458094,1.404407153222219,0.7329512091507759,1.0109727132373179,2.3658921784247617,1,left
3.747,0.0313311005432085,1.745149304354568,-0.2560037977567382,-5.850180148593614,2.7594038071722005,1.8205176540382,0.8093529374618248,1.1485182537311802,2.6586108504064003,1,left
3.748,0.13386899426116786,1.6525183041301716,-0.23488425304186444,-4.298969638082669,4.635377465876944,2.851014683196703,0.8278283959024633,1.136131794523563,2.742840076386199,1,left
3.75,-0.021599440034114945,1.700880001123548,-0.2784153206243628,-3.1119455616574925,4.246627084275147,3.561066301703833,0.815269608168389,1.0791950226161928,2.7002683446964895,1,left
3.7760000000000002,-0.06726705878254553,2.097407251093112,-0.1864374438088436,-4.428570221823753,4.952601953149475,2.7898331927047386,0.8216563328044719,1.2456465195440987,2.692766835063841,1,left
3.787,-0.2967170421353732,2.0427556662341644,-0.28525409395551377,-7.9993501946726004,9.060762917949457,0.6294417826384304,0.8212850423359516,0.9389735512897848,2.756042211964508,1,left
3.7880000000000003,-0.9224496186180386,1.5693712354171185,-0.46284851609246075,-9.023549773223293,9.941002581948773,0.011919089899112237,0.8157952678443658,1.388228021993712,2.6367700442005004,1,left
3.7880000000000003,-1.0794601313741865,1.5086316730577378,-0.5654113119032468,-8.348408064570764,9.248971811759173,0.4483603229043119,0.7972940474509432,2.9832099522125413,2.264480271238659,1,left
3.815,-1.59184842396385,1.190953467672954,-1.0380720227090485,-8.653613999952098,9.662890120677591,0.20723579483489862,0.779394726996004,3.573100541330195,2.0645838747022474,1,left
3.82,-1.6048392759360506,1.2367111159164903,-1.0546218311702886,-8.655249313627086,9.516579124925418,0.2732014646155451,0.8038035570608293,3.0383912453011197,2.271212370199681,1,left
3.823,-0.43586289990114435,1.9431059159667066,-0.5068141510738046,-8.461336645373112,9.479694642851578,0.35041657142113763,0.77387760079594,3.420810417135348,2.093619153648887,1,left
3.825,-0.48319265811454243,2.0235850742484,-0.4430076840501991,-8.716882881014893,9.582626088537499,0.15462469141477939,0.6667646058554166,4.315191873932377,1.5476914522085723,1,left
3.827,-0.3476622508675665,1.9876754640209786,-0.5173907060974585,-9.3650068572192,9.763200080984308,-0.25977946935230345,0.6345661707954906,4.131779328557785,1.5608751553369278,1,left
3.842,1.0513244886836997,1.7662623285031027,-0.5759541710804458,-9.442368000534188,9.71169025430429,-0.679418306707426,0.66234465560461,4.651430367190024,1.4036793947887243,1,left
3.863,1.2807512499375049,1.1110479870628651,-0.6934227073312232,-9.490950554016486,9.872912488217498,-0.1410784493115867,0.6422569517712475,3.8614962933252737,1.7013879418029003,1,left
3.865,1.0083191698027534,0.978303336151102,-0.621021815649129,-9.396746071591327,9.685780717482956,-0.7869682041359555,0.631643244819496,0.37647981314580314,3.315819638641741,1,left
3.866,1.2512589068210977,1.1149967207459013,-0.7094600751307255,-9.363857829847895,9.538743277671363,-3.5354901087705155,0.6358761423444357,-0.48663520170731256,3.784906295196015,1,left
3.867,1.0524356308962357,1.004890693607437,-0.6001676457753025,-9.672776199706572,9.821983255476542,-4.296280999339104,0.615888346965665,0.18279129346656078,3.2885848753276754,1,left
3.887,0.5348944580634831,0.5884028571951301,-0.17485765312752743,-8.905276465738766,9.023182608501989,-3.5138156172613693,0.6513576636271141,-0.22845201059149645,3.7866985751692934,1,left
3.9019999999999997,0.37408589289127303,0.16822965291999856,-0.20696945428722643,-10.189716612224995,10.410518392031513,-4.31927270268991,0.6048837582071178,-0.06498791701784162,3.3179139823832786,1,left
3.904,0.4528436485123966,0.13072974631617945,-0.3273505675981371,-8.495435880959482,8.536995740126432,-3.497816316932833,0.4530917567894357,-0.12469058502691584,1.9141073928960624,1,left
3.905,0.39356233276528707,0.20192791961998485,-0.21770279133512604,-1.2319923726608077,0.6679347252291139,-0.5248366444276035,0.41557663471623696,-0.28465597857258335,1.6817803575392403,1,left
3.9210000000000003,0.3252402144264108,0.2142871707911373,-0.2701767361889266,0.4166218799971312,-1.2606695671460009,0.18010959597050213,0.43014830607298504,-0.0498951798135554,1.6964296762791935,1,left
3.927,0.27353971955679435,0.3013373976564506,-0.17008717187274447,-0.7949980180040879,0.21786757216607763,-0.3686525923320218,0.44729876264465335,-0.31566607360126,1.9257066025460365,1,left
3.9419999999999997,0.1275258298694619,0.4496264681693475,0.1313505174188206,-0.0910103092262024,-0.669583766029801,-0.013559179816678646,0.3950256909736901,-0.059752201275026035,1.4812414136961305,1,left
3.944,0.07291108974881819,0.49543322509108223,0.22427171882910954,-0.39660511385940694,-0.35704551888021346,-0.1628199702059168,0.1703458785273299,0.86720358995815,-0.4978080671234785,1,left
3.945,0.12497136663268327,0.480072794193123,0.1433632969307377,-0.18144814093698602,-0.40770816528118714,-0.4496230406479729,0.05829096259975844,0.9798239397827239,-1.1137890515870068,1,left
3.967,0.1284389240626745,0.4171316187554701,-0.032729266089173176,-0.35721735881925903,-0.8734857213455782,-0.192813772780137,0.18747067001643034,0.9724495457335592,-0.553372312074847,1,left
4.0089999999999995,0.04754959819589556,0.24095857283017105,-0.1385444313392883,0.028832835962684503,-0.23307294433335024,-0.628085335155311,0.054648929478913935,0.8962364655383575,-0.9967241911032453,1,left
4.012,0.016047720698186475,0.19574224116101527,-0.10742091348455965,-0.605881581511421,-0.9163687339545389,-0.06619076888686373,-0.33651461873373123,0.3690532743351228,-1.6247318983608348,1,left
4.013,0.04172184908045112,0.24406409644486565,-0.13012124991235588,-4.172719295166596,-2.7743153276011943,2.1792056987997714,-0.4228029934186748,0.3141128436165084,-1.750416260714006,1,left
4.013999999999999,0.01900046686019464,0.19831665229751166,-0.10975465407058123,-5.001851832122476,-3.1893516470029963,2.7331219023903355,-0.3821855695628173,0.25667739727453154,-1.7883691398750354,1,left
4.016,0.12081243576999666,0.25752975043526305,-0.051155837736331485,-4.274497680659264,-3.023938374902755,2.297959534804825,-0.37497476865618273,0.45479736099139345,-1.610942550384979,1,left
4.022,0.32020508542120163,0.4184484718065595,-0.09859681036991111,-4.835320310209875,-2.941004985815594,2.592308966515773,-0.4196997973063319,0.1385515225048835,-1.8792868793655457,1,left
4.025,0.337410569125526,0.43430085267548185,-0.12056687622574903,-4.444494203403297,-3.2059429049329182,2.420436694184476,-0.6173945808536099,-1.3056008238986587,-2.818390601055862,1,left
4.0280000000000005,0.3256950771730818,0.432771864854284,-0.10101054657515243,-3.860752912812521,-4.459106852449836,2.0975146671855036,-0.6736978131049298,-1.6327205151676116,-3.058814111962712,1,left
4.039,0.4313333171119062,0.5317970781279638,-0.12703580646092633,-3.7372040415538264,-4.752218592184095,2.0580075906538577,-0.6437994136200385,-1.4166924704393984,-2.925982697420311,1,left
4.063,0.4315028807440065,0.5515134184746386,-0.11534015800360521,-3.739570492849902,-4.582581695717083,2.075706664229492,-0.6350871161740936,-1.4910637357386998,-2.9250992920150334,1,left
4.066,0.365048214261931,0.536746386080843,-0.0715983024294369,-3.8782304902729736,-4.611373572616715,2.068854199981189,-0.6846433130428916,-1.5422703493594438,-3.0518303708731125,1,left
4.067,0.37948427271692514,0.5642056179257273,-0.07210860887912267,-3.5667244038665626,-4.676919855027158,2.0624821995976177,-0.9206446888163793,-2.0746788378577357,-3.7029148691379694,1,left
4.07,0.35547090159251293,0.5353971111828678,-0.06419012606099145,-2.5799493757445005,-5.325342592666567,2.1325004861729866,-1.0273477316619748,-2.2193955149958273,-3.9689733502091396,1,left
4.08,0.34866981646276496,0.5340139389369218,-0.10845625132619714,-1.8571106564178426,-5.310788834172424,2.0691897458196475,-0.9119902430343939,-2.104573377622758,-3.6990678892599984,1,left
4.11,0.43946155159478273,0.5980853211881814,-0.22071602477723756,-2.7536980030513893,-5.465914363576955,2.163971395647714,-1.020563819760667,-2.16732138934346,-3.9367447817917682,1,left
4.114,0.47958786941919523,0.618409356038981,-0.23852746187440885,-1.7870425404425159,-5.1825130447886245,2.0599725749533233,-1.2855817803367438,-2.01416108720225,-4.430799312763286,1,left
4.1160000000000005,0.4438477568020158,0.6054821059806932,-0.22249720615058488,1.2520284238009847,-3.78315312308714,1.8281627817457364,-1.3309989982257155,-1.9956626877281098,-4.522728033578819,1,left
4.119,0.47114192118535364,0.6120580209693407,-0.23796211570500508,1.7982868287184428,-3.5262123727768246,1.8552773285469604,-1.335192509212148,-2.0242833336377406,-4.524550166650713,1,left
4.121,0.7040245668979197,0.8266737692979771,-0.2987426760829897,1.7337571451381448,-3.5957690823558224,1.6779929897993664,-1.282581832251613,-2.0013747854924504,-4.438111619677815,1,left
4.1530000000000005,0.9322808795792876,1.080087936656124,-0.38759400488695167,1.2647607014609563,-3.7765629368826805,2.0308012291087056,-1.3688990070020697,-2.0130575372839257,-4.579232219007673,1,left
4.157,0.92921777303234,1.048251964413241,-0.34455919113625755,2.1682468750156922,-3.3559329162113287,1.5271877859164769,-1.7442095634111359,-2.0075279082382447,-5.178263464387495,1,left
4.158,0.9303531588145346,1.1042851375770668,-0.401699398727395,6.198840631867761,-1.347514707731293,-0.49586191526535506,-1.819644091115557,-2.019730634187102,-5.29347494422036,1,left
4.1610000000000005,0.9515634931555486,1.2185174157401901,-0.6168300901342489,7.232562585299668,-0.7224111678482179,-1.0382796038095568,-1.7827291266615566,-1.9850787962881942,-5.24299084718257,1,left
4.187,0.9424464580397951,1.2978530787076017,-0.6784531867331016,6.512020193488979,-1.271505691735812,-0.6333298387914255,-1.77785662613385,-2.055205166263642,-5.228477227379896,1,left
4.19,0.95885179294691,1.5384523556044383,-0.6913008409753891,6.791775324977261,-0.9002860479220715,-0.827772894017045,-1.8107741320027346,-1.944194934039455,-5.278871403561073,1,left
4.194,0.905531779505653,1.5558259975169935,-0.7168902714888075,6.961504218220032,-1.0073991501809665,-0.8829054204442189,-2.064589747399432,-1.4623898611825994,-5.709465459520568,1,left
4.195,0.99115236109422,1.591917017915674,-0.7133448926076417,8.458083225343755,-1.1514075683917515,-1.3552946863705633,-2.079368820541875,-1.2868182708729439,-5.694395898108835,1,left
4.199,1.0052561147047605,1.7365385491007674,-0.6913363158390062,9.264305337793324,-0.5182815376397658,-1.9269390229571441,-2.098139139611542,-1.4784115722104858,-5.780273647475109,1,left
4.218,0.6427557718181778,1.5235131658172887,-0.6867257758534322,8.303754498440473,-1.5580305781886472,-1.1382240817409683,-2.0545820754068194,-1.281734576419549,-5.650596906923103,1,left
4.22,0.4938254746772727,1.3987478936070357,-0.6830314116021399,9.325392576985434,-0.18942788775794972,-2.0641211878690724,-1.833193695993459,-0.6728878815979565,-5.0944787771396935,1,left
4.221,0.648453628014702,1.5087275650439054,-0.6615329043675988,12.688934460691286,5.5167079854454695,-5.483789285960986,-1.8408453919487804,-0.4959536310829625,-5.107253329452895,1,left
4.227,0.4868884180526914,1.431855972439648,-0.7138850706483633,13.633459632187899,7.02228266894789,-6.306037034991077,-1.7503399696744526,-0.6545068373940471,-4.902603861062594,1,left
4.237,0.22339302560463978,1.2006659499484291,-0.5901540294190715,12.751502900506033,5.689547799150795,-5.692696020039486,-1.9376401683840483,-0.5151934088214484,-5.318533431484307,1,left
4.2589999999999995,0.7260416111688334,0.8830819389596345,-0.5945653493327165,13.607551071240731,6.791182547445208,-6.079256954844606,-1.674797089437754,-0.6315806403504041,-4.754850186122754,1,left
4.261,0.9898122428180095,0.778208762239969,-0.5924657524922177,12.743872921989464,5.919068210403119,-5.873107414186301,-0.6072550545324108,-0.9800077058339359,-2.5332846977862653,1,left
4.262,0.6406882076773535,0.9614808819996243,-0.4648430635821138,9.615995265753158,3.2446086792292137,-5.624668226778992,-0.3785177669988369,-1.0082969007789377,-2.1396749540003936,1,left
4.285,1.4560178246472537,0.7564054711356214,-0.855839332433924,8.813599843138213,2.801429052057592,-5.559623354726381,-0.4898545759326553,-1.0492002619484495,-2.210377065256382,1,left
4.287,0.9501177180776402,1.0564516353106144,-0.30546006819216515,9.470195773975277,3.0433574664832315,-5.621975131754936,-0.527359927447865,-0.9375235436575764,-2.5180114319769586,1,left
4.2989999999999995,-1.4367340829651523,2.137995906047146,1.384409508552047,9.056944697581823,2.961888035768683,-5.575654291003376,-0.35001870158055476,-1.0990324372104485,-1.8963863723546834,1,left
4.3,-1.7511941995960774,2.383664108878263,2.3172172234858084,9.114961707095619,2.9588353178765288,-5.5465736001102055,0.584711422930692,-1.7906913165452099,1.152557837532521,1,left
4.301,-1.7034054422000162,2.222005852554398,1.3131575522577337,8.91409504966857,2.679786008407513,-5.689744787981864,0.9018685162854068,-1.9115964769721543,1.8706297057321977,1,left
4.317,-2.2960626207439767,1.268396952400452,-1.075727430562853,7.8618753083838,2.792089914814535,-5.247089163914615,0.5931288344062788,-1.887844713054022,1.3697112783478842,1,left
4.338,-1.2888845627825103,-0.11360411978369442,-1.6249737504827313,9.63116566325688,2.5190760996267256,-5.978678787169221,0.8592156558642202,-1.7797083654236951,1.5751525248670615,1,left
4.342,-0.501020738326863,-0.00472232669546771,-0.945416636261188,7.144159993835197,2.9580647057871845,-4.999723193324929,1.3841821684342006,-0.5414179006532435,0.4491130708737653,1,left
4.343999999999999,-1.4106033528820694,-0.2127779915286087,-1.4533755488348685,-4.4050995622654145,5.275954480926622,-0.6537674163287861,1.5224218885620746,-0.10752467495874884,0.13060063974120467,1,left
4.369,-0.5105245445678963,0.09163661873152018,-1.0942764111219936,-8.025125423917434,5.899343989889412,0.42200520901247546,1.4455207348031247,-0.7311816152976048,0.6176321426900437,1,left
4.372,2.3003234426039416,1.7874372857101553,0.06529576278953772,-3.9576874355830074,5.260808918452934,-0.5112282970414298,1.475893969915051,0.0783729764267723,0.02448762356779896,1,left
4.378,2.631271793544853,1.928935837801048,0.13480846364007185,-8.418864184363983,5.895849130874792,0.24216782130221184,1.4722931251865865,-0.8558046862876734,0.6561017083832859,1,left
4.38,2.556237451040146,1.829771987468422,0.14057644899767155,-3.7614658552111564,5.272912639407119,-0.35551574652924867,1.4382189711859148,-3.836099130096053,2.569868758680741,1,left
4.381,2.306872036412443,1.7296381074758425,0.038044576929191914,13.934183910486913,3.2018114092435837,-1.8998465924356438,1.4360684499954988,-4.5475049924742486,3.019231243704069,1,left
4.409,0.048179558754820495,0.41410196316135006,-0.7481581840898692,17.591010270713994,2.686593399662886,-2.3054256176095698,1.450426542557161,-4.232392775811645,2.778936622290865,1,left
4.41,-0.3780243802269199,0.03119385812806745,-0.9306927168515577,15.062604983643423,3.0840274246150576,-1.9694120067218883,1.4269597648201842,-4.034444075193304,2.7830542018255393,1,left
4.421,-0.11516108374207257,0.44860583780910057,-0.7639781061326807,15.77156730245665,2.7723034027745017,-1.6068080026692608,1.4476974679985568,-4.745759743635805,2.986487656500618,1,left
4.423,-0.7561531747804568,0.6846019165100181,-1.0363208545741238,15.006995741886362,2.8245865005490765,-1.452442145379055,1.4477145451946971,-3.652536500417964,2.6544258899766477,1,left
4.4239999999999995,-0.9667039244313297,1.0210963810743539,-0.943704171018756,15.787827434215085,2.9956543761800045,-1.4701925813671237,1.268423682700269,0.8784089274463159,1.196381022471081,1,left
4.436,-1.179337498550855,1.1354337603229814,-0.34726292206082265,14.314588350331215,2.5751514254156245,-1.6225428704977425,1.3575270957973768,1.9979991145370262,0.929178128437679,1,left
4.462,-0.5939168986712318,0.9317372252045967,0.03997985080954712,16.89202481171137,3.2395886772933977,-1.2779789709035572,1.2239024183018457,1.2005624382668902,1.0457735373784431,1,left
4.465,-0.1981527045594465,0.793604103886893,0.05439089435837331,13.2442204264416,2.3942734275860467,-1.8170030162029862,0.5694926100529967,2.2986221087192926,0.03163794082653082,1,left
4.467,-0.5167386338383669,0.8898645029531698,0.014953694030337661,-3.9440217542834275,-1.0224732293517307,-4.497512150994381,0.4236290325822553,2.301049586156404,-0.1466663126371104,1,left
4.47,-0.28358664293681585,0.8197196514487779,0.0716189067417635,-8.089047446034577,-1.838117616114228,-5.385108121613427,0.5322184042679532,1.988395465163172,0.11777282327414813,1,left
4.474,-0.17882372222605283,0.7135880419987517,-0.003731985274695298,-4.619487285155815,-1.220385338782572,-4.328000224094492,0.47466568327814107,2.51015342288341,-0.1885347415736291,1,left
4.498,-0.4161197300471206,0.8637382853151474,-0.2485299592285601,-7.151383082411968,-1.6024766167016056,-5.549808872295415,0.48246739156814905,1.881331905209203,0.1208259422116383,1,left
4.5,-0.5178546682119776,0.8874772061413025,-0.3062793228719437,-5.515877485173057,-1.4249229448876348,-4.219801646081503,0.3533077760301671,-0.05628077434619333,1.0046508503023976,1,left
4.501,-0.4237865395894359,0.8810581792588941,-0.25935070077351075,-2.149061347140864,-1.306724654221533,0.8839423135841113,0.2975597460130447,-0.6408830734061026,1.2162272780567056,1,left
4.513,-0.2348458021706306,1.022899427436562,-0.34648178747254077,-1.6641030825848193,-1.3288587149117488,1.9962844710879133,0.3670841718017466,-0.14879593074411432,1.0876554522818385,1,left
4.526,-0.1489347291143856,1.0397031194111852,-0.31611140723567765,-1.8869163085125953,-1.2934414765129731,1.207934350481675,0.2911989871350369,-0.5494169450936601,1.133768631798283,1,left
4.534,-0.06422042363928476,0.9905012111941909,-0.181638754493283,-1.789664158564225,-1.3232886571695708,1.640602775633952,0.3675031272331746,-0.2230807950295951,1.1524112493177907,1,left
4.537,-0.0046621467779341935,1.0077559750481044,-0.1614349260462956,-1.834710136917761,-1.2872057790143723,1.4945425764603124,0.6275728424277616,0.9530566174002173,1.306085191375025,1,left
4.54,-0.046177658958284365,0.9945141898088191,-0.17444772007090148,-2.3743711355529364,-1.3317563079857038,1.7329427289625863,0.6839090756512284,1.155184419753542,1.372947095719534,1,left
4.553999999999999,-0.15160376295641692,0.9432810380345148,-0.20011917937774978,-2.3327454016091,-1.1826554823833653,1.7673662070088876,0.6460988977601129,1.0152825074260077,1.3156758037904897,1,left
4.5889999999999995,-0.2630118939265518,0.9184492259928853,-0.25568884109028656,-2.4485613421188437,-1.427100390670633,1.805717712831542,0.6648741090012957,1.1027723170056158,1.3530137403661184,1,left
4.593,-0.2599718048920673,0.9206162859220188,-0.26753235063123093,-2.257107837168034,-1.096826315803581,1.6624936462178987,0.6414744893309556,1.1645616026306649,1.3475199921725498,1,left
4.595,-0.2584581396369536,0.919391482639671,-0.2504879818919591,-1.2053962667838236,0.3782986539699721,0.561116481334108,0.6353088262032931,1.224558264196396,1.3443834549877995,1,left
4.5969999999999995,-0.262890514280957,0.9214070350643488,-0.27014570786873215,-0.9690740950804473,0.7416275084748705,0.3328467719916573,0.6452997899954385,1.13355588030264,1.3608379602965808,1,left
4.598,-0.0656612887030874,0.9373021475811008,-0.32056408518243684,-1.1554085667475822,0.4358366653085738,0.5038485595833906,0.6357527080904315,1.2719509906079367,1.3368022551234617,1,left
4.612,0.13489506737982063,0.9540375251753681,-0.33759231075478874,-1.0498921996326172,0.663462326191776,0.4310944464525257,0.6424438779896877,1.0909066744894467,1.3627160058889776,1,left
4.613,0.14428335751070104,0.9451273693456204,-0.3250007659397804,-1.065534190682081,0.5116031983718283,0.4001211137522507,0.6494270827843202,0.27875063787148247,1.4304642441378994,1,left
4.614,0.1381267872480363,0.9546460557130573,-0.33200832177951534,-1.020912146479859,0.16149428638236113,0.0007884119639814668,0.6491165317988732,0.09982977600796696,1.444345204170864,1,left
4.635,0.15878481413409473,1.006891570093397,-0.3411633738359623,-0.8956160132422332,0.11744218322064665,-0.1504238295586969,0.6515590323950206,0.23117226723656037,1.4414463567291964,1,left
4.646,0.16380371938958738,1.0106231742859688,-0.33567588658387887,-1.0514007328944324,0.13192873346319814,0.002045098046258232,0.6488291589656434,0.15700817225167368,1.4340225545691465,1,left
4.657,0.15500513305336439,1.0119386850425114,-0.34717516601851445,-1.380074967649907,0.2287191929905486,0.09812564519675683,0.6495692441125617,0.1846753260073367,1.4474333951895424,1,left
4.659,0.11449291279775407,1.0662480971378092,-0.37066523016499864,-1.4906622800018097,0.24266900106349723,0.17618587588051648,0.6531410939346274,0.1798393493775085,1.4353101816978622,1,left
4.66,0.10727089332382801,1.0745483949206829,-0.3904927184888499,-1.4522937940535554,0.19340296067030216,0.15003066947642746,0.6435430933125525,0.26767055688227803,1.3281130272262303,1,left
4.68,0.13068892350496097,1.055384042092588,-0.409438728512712,-1.3978439290691869,0.2996621555569579,0.1265822437141519,0.6594215763590139,0.23937055307474855,1.3399434268463006,1,left
4.691,0.15048023409032119,1.054370519220198,-0.3997341941199084,-1.5506368057334146,0.12678013204657845,0.19197203464675627,0.6391649612794565,0.29014683042294254,1.314226847731614,1,left
4.692,0.15015438189329383,1.0460626055262634,-0.38160426272568904,-1.3097518876775593,0.35513278573942103,0.09511300731185135,0.5598094084657266,0.6011389223578796,1.1362066045327985,1,left
4.692,0.14702645924299979,1.0529880779517908,-0.3969061764845,-0.11870089505099424,1.2646164193740062,-0.32673129205925744,0.543637380496089,0.6444573664943881,1.1094568883992166,1,left
4.706,0.15740888994817143,1.0491693794942107,-0.3844970170865434,0.24162788179453062,1.4920090529760697,-0.4605435051859367,0.5515258041717331,0.6393455412010124,1.1210575487673193,1,left
4.71,-0.03177358875114188,1.0567272019606684,-0.28447129958229445,-0.16769088756502284,1.3283078748293158,-0.3095811996441914,0.5531103848199231,0.5953521742578076,1.1280477011796506,1,left
4.732,-0.3159946951475217,1.0795966310338043,-0.20576013832779233,0.29846687690607304,1.4049280270735491,-0.4831939982099304,0.5439705406714969,0.6827829105950571,1.1076782782502395,1,left
4.735,-0.3431352163513173,1.0525753136433802,-0.21503131136392414,-0.2240236988485519,1.4188553546280187,-0.28569181246608083,0.49634456745915956,1.1517370683937598,1.0187570888089645,1,left
4.738,-0.32010974577252826,1.0948811562779286,-0.20357925606284982,-2.139664281676775,1.5670107322850686,0.4326853958553403,0.48585313922412754,1.2615597875391908,1.0128120579699949,1,left
4.774,-0.4356670320003481,1.1705403852690868,-0.18740397608582066,-2.6805307806788097,1.7125871565948678,0.6382829705251654,0.49046820112129896,1.1715982995487833,0.9909181156396782,1,left
4.7780000000000005,-0.42866540137814424,1.2291172201671374,-0.17302319528227006,-2.2032877687803327,1.5476044991592688,0.46331261468004625,0.4931134079696608,1.2360151969162423,1.0436899292974684,1,left
4.779,-0.29737981385394113,1.3666548637229194,-0.1048101949224044,-2.5724690482869113,1.6857392843495438,0.5827967409164336,0.48501482553847824,1.190505716995184,0.9712913067554093,1,left
4.779,-0.3051192628907013,1.403552876797676,-0.09841115443203617,-3.0216463196612184,1.8130706613893832,0.6137843911549385,0.4940402745010031,1.2303951574679548,1.0375914152762251,1,left
4.78,-0.2956679036795019,1.3876359985842068,-0.09867259077852145,-3.055644901439334,1.7170564250144615,0.5479944808506045,0.5697304312077741,1.3526262391711574,1.5605127266678749,1,left
4.814,-0.16887952154067895,1.4321292130108088,-0.01280139252171019,-3.2374002446513677,2.009855027652294,0.7355551021504225,0.5651142002674504,1.4176704404380092,1.5224034725953262,1,left
4.816,-0.11067342015812434,1.3563283820668062,0.032670699566150055,-2.837013329992553,1.515381115600301,0.42926077749815156,0.5789589248767594,1.3315467117271407,1.6288670506549874,1,left
4.8180000000000005,-0.07879963745747479,1.3161968065821608,0.02819827946814785,-3.4182078555713247,2.1494762205105356,0.8196444841192492,0.6902855703098822,0.9878791227399742,2.4393831793064673,1,left
4.82,-0.12738346564600073,1.3715457718274258,0.031689650866547125,-5.882829783035703,4.58447199444937,2.4400744425901113,0.706421688536983,0.8646158526349514,2.588201234946718,1,left
4.825,-0.07714680783642852,1.3001891735304465,0.025831900240775373,-6.582019247747459,5.0815418939185,2.7948551275073745,0.6998000475095048,1.0000675964529249,2.4824288978195943,1,left
4.829,-0.012300806604312577,1.4276001571309287,-0.09873321598330122,-5.940758504056786,4.861995234591939,2.546697746718353,0.6933616594888037,0.8619754239691715,2.520357284337396,1,left
4.871,-0.05555970943983141,1.9157814100224337,-0.17461547529548588,-6.483495059180098,4.7538490650741085,2.6790911244989792,0.711674583825151,0.9817559433852019,2.552506939199029,1,left
4.874,0.0652749959112318,2.0308048141079933,-0.1059958615835455,-6.062915591447563,5.143062716614377,2.630784039486674,0.8265224724250426,1.236477284744511,2.964745142125447,1,left
4.877,-0.15382369035915688,1.9010685448531346,-0.21594188788706242,-4.885669727422064,7.196042306935689,2.8372414814694893,0.8522847229421219,1.201136546346322,3.088610309779401,1,left
4.877,-0.34689709356670917,2.2468179873127694,-0.26622201951690594,-4.786903123667002,7.74972103065117,2.808043879759643,0.8302443444277063,1.3772809632086456,2.9428080422671234,1,left
4.918,-0.6659849716981026,2.0920823150775734,-0.44013263403742875,-4.711764201682696,7.313964536824618,2.8603272033332807,0.8479424454977881,1.0474907781342415,3.104717196411566,1,left
4.921,-1.4956567257035887,1.345233356131013,-0.9991116327398811,-4.8972481179653835,7.566156525881267,2.8259829695640337,0.8317078888502082,1.499758218896853,2.928848842628703,1,left
4.923,-1.6152515687936262,1.2418515552398044,-1.1382386901338921,-4.758543525287079,7.504734231452342,2.7482398079126904,0.8011924633434904,3.479009131086041,2.3240431892210767,1,left
4.925,-1.6890859996446768,1.2851368836278563,-1.0500383328565355,-5.659999841087002,7.814486537811037,2.538157573631029,0.7740703580966424,3.936419089273326,2.1384985340671117,1,left
4.927,-1.2409282339585603,1.5298146046587968,-0.9551244410612092,-6.47484893357082,8.03663381279033,1.8476400100062216,0.8108104723804872,3.596729383873349,2.3125409532682584,1,left
4.928999999999999,0.3498163400001204,2.0759327446432163,-0.5807392691926037,-4.670329772399383,7.7270510325464725,2.9808237130295376,0.7663703194309743,3.781914045921334,2.1650792772245135,1,left
4.931,0.8130452291007328,2.1026497275348754,-0.5517987260837306,-7.6940058993439555,8.097106574153159,1.4429372898273536,0.5827735508242975,3.06781958640173,2.0345750886671725,1,left
4.933,0.3864278536343019,2.1392315709507317,-0.5927583930353032,-15.161174858767833,8.9515249587344,-4.2579106313770465,0.5416292801678152,2.9302624337379415,2.011532922161185,1,left
4.946000000000001,0.7054604347280793,2.0112289372336747,-0.5396547241242138,-20.33769475339033,9.366471356644158,-6.038655538489037,0.5723318138766716,3.2424445662462666,1.9289220755609713,1,left
4.948,1.5848440829105492,1.5213604387053565,-0.8923061389468682,-14.775760577416676,8.966816133000632,-4.483705010528217,0.5527787846904639,2.7353380845939577,2.132956756348255,1,left
4.97,1.6012967154869044,1.2337365028776415,-0.7966095558843089,0.5026935763989409,7.824372391785213,-2.9779969942379036,0.5650758628873576,3.4352266864735963,1.8232669033659648,1,left
4.973,0.8884471497650076,0.8995157178165559,-0.33481766657596596,4.757230084800386,7.490866874377141,-2.2035477971779756,0.553072097426297,2.602201912874003,2.177712047737589,1,left
4.974,0.7156815988327403,0.5963694322424893,-0.2396266013353369,1.8921643024208805,7.804590538642282,-2.619692722183121,0.4829192336767114,-0.8073461391762031,3.6010709973547717,1,left
4.995,0.5284300869768086,0.32549083919943983,-0.04066089602697828,3.3461088947353845,7.4938783541578,-2.4579900242908437,0.4475179181609753,-1.5006310504126927,3.724021358431465,1,left
5.005,0.4076534693903686,0.12636925314939232,-0.0571731177766426,2.9987418442224074,7.791122693661912,-2.472821817027218,0.504205684513958,-1.0739552087417292,3.8598517660698084,1,left
5.007,0.5811952854543746,0.1254402184394778,-0.42679975721415375,2.7133591336770024,7.577258277834839,-2.534862068342176,0.4241931799898528,-1.196023998917569,3.4467731517603672,1,left
5.008,0.6118404996495311,0.03498393609873249,-0.5789954356563485,3.147132422927614,7.5642459072194175,-2.408948919279518,0.1349156720693006,-0.09403923831759436,1.1233583105860094,1,left
5.0089999999999995,0.5312599585851678,0.09270836104697358,-0.39005664033727205,2.7197319903986674,8.089093958632684,-2.585447564971203,0.01997073088336555,0.21239359167415486,0.3621225773884321,1,left
5.0280000000000005,0.20778467623488747,0.3734176335801245,0.05409347693612665,2.454403671094628,7.052050656729717,-2.2024562008902677,0.14019545624770652,-0.1673529350453364,1.1420235589258556,1,left
5.048,0.03685874750516609,0.5043554200029507,0.1412416827881215,3.2270694109350346,8.759711384273986,-2.773550209980228,0.025975286249171635,0.21582456416618065,0.4344952011080986,1,left
5.05,0.08262300839259089,0.47595508703386463,-0.002956134926399616,2.0799048640711,6.5098342473535755,-2.0450620904283685,-0.26981467060396047,0.9953784146496616,-1.073302302765282,1,left
5.051,0.07555685178585418,0.5034994852367545,0.1069316089290652,-2.3649694286964817,-3.0073948882287,1.0900087175216226,-0.3293228813968677,1.3070389337709898,-1.43765177037968,1,left
5.077,0.05472691087930749,0.4795882907409177,0.02477725045922638,-3.420463428917258,-5.266893092373131,1.7954987298855494,-0.31494715963312436,1.0204690914107437,-1.2925240333612364,1,left
5.079,-0.026243000949316884,0.29335065059093185,-0.15339083799456432,-2.799975699352741,-3.540392730189259,1.2813079155144038,-0.2830333955004589,1.2975964265814066,-1.2381406683640255,1,left
5.107,-0.012063502327011623,0.1772380244051931,-0.0892343612116213,-2.9007444324672953,-4.605439371267212,1.5589075521184572,-0.35096588312129917,1.0334908221741932,-1.4323122550304914,1,left
5.109,-0.025363911500065537,0.1509056265801438,-0.05740887185687882,-3.243477087282154,-4.131024021009649,1.4922776451332302,-0.6367368999812293,0.07001713082174513,-2.164597065398385,1,left
5.11,0.022267901820476426,0.19907015401326542,-0.07747899949530422,-5.772019239932753,-3.8538864960792836,1.7896117444792345,-0.7138928459026753,-0.04192655363337339,-2.3754288876093828,1,left
5.111000000000001,0.22703349709774845,0.29576445981740995,-0.03520240736508233,-6.427303408699283,-3.968723729132578,1.917889831451561,-0.6636443323510679,-0.08797117983990818,-2.2721403079378444,1,left
5.125,0.3145362723211511,0.36290855064188593,-0.04462328492782785,-5.857382027639622,-3.8378289810155977,1.8016018232909516,-0.6756598116384143,0.13664779862784615,-2.233364291764767,1,left
5.126,0.42237065203234514,0.484616440682644,-0.0838594809785583,-6.312918086075371,-3.8874473608574274,1.8689443080573493,-0.7037015644914755,-0.23692972898559156,-2.408980127740687,1,left
5.127000000000001,0.4856466151120723,0.5239566885076847,-0.09812288944109512,-5.9006885816565084,-3.9393309898470084,1.8562994858622064,-0.8711091460633049,-1.969591277044497,-3.2826533963198274,1,left
5.127000000000001,0.4470593475058651,0.5079527659456754,-0.08055967198779124,-5.073711528005816,-4.594116093397699,2.0105278599420604,-0.958786868987955,-2.3978405063684587,-3.6097285056341253,1,left
5.145,0.47302581720348336,0.5427662687828722,-0.03943255092886831,-4.38218710435644,-4.708131029622442,2.0498388852252543,-0.8570884836716499,-2.0621583302225988,-3.279284490746345,1,left
5.164,0.47239102216748663,0.502248081974668,-0.051819295550335945,-5.325715146835703,-4.652248178107682,2.017621076774639,-0.9602889160027039,-2.274925374993366,-3.5752090618547934,1,left
5.165,0.4666221715121613,0.4768993897885811,-0.0664838685339142,-4.185192094519873,-4.623924840334178,2.0350773550967105,-1.2301294126292663,-2.281984785455929,-4.164010588966202,1,left
5.166,0.4711695414902994,0.5010597034301529,-0.05457371757336131,0.11683743224909138,-4.06623556127119,2.0838181414450947,-1.2921759197458467,-2.3158916667943554,-4.306252460762043,1,left
5.185,0.47255241406153436,0.4822598594775477,-0.06583339374287087,1.0803653024075288,-3.926098276761267,2.1118398847868023,-1.2699354577659112,-2.3022465450469234,-4.268088826654112,1,left
5.186,0.5437821575400429,0.48470258041381475,-0.12208060335209167,0.5261648501452014,-4.059044234209109,2.0361425224553287,-1.247895382507007,-2.3358614224333074,-4.200917770490106,1,left
5.204,0.6385474988986731,0.5764335551828008,-0.21105287354923136,0.5669877810491901,-3.9729854268505203,2.1879789258774163,-1.3099913665546445,-2.260763100220907,-4.358988401494305,1,left
5.205,0.6215450547150588,0.5860163164389145,-0.18636708864881868,1.0190021348896985,-3.9856144619677614,1.9457009748504315,-1.5792090537467127,-1.7980046633228548,-4.9770669937704985,1,left
5.206,0.6353443975570885,0.5670245333068558,-0.21360783338680278,3.5845290495342716,-4.055097005275842,1.0408208414293125,-1.6840763684864761,-1.6534171765220962,-5.230479107302012,1,left
5.224,0.9099356459020321,0.8733214066415476,-0.46011615044006793,4.61309645980594,-3.9185425959111577,0.6627496329660538,-1.5789522251376036,-1.8035523631618078,-4.976072679665426,1,left
5.245,1.1253353193401323,1.2362241059467045,-0.5935086444206797,3.5497304491600996,-4.075849751383121,1.0446505943632882,-1.6729683057173514,-1.6706961447248374,-5.205100313607831,1,left
5.247000000000001,1.1354241992104366,1.3105233043630122,-0.5926894112047654,4.4933587041473215,-3.9803620492281215,0.7268783825168785,-1.8991529705255288,-1.4149986623233897,-5.784682234145551,1,left
5.247999999999999,1.1300673471567695,1.229181210134182,-0.5843913169424726,5.949133598015047,-4.030574836074001,0.20463953367483642,-1.9464902677299993,-1.3762926499824837,-5.8985474951288515,1,left
5.249,1.1180812718733188,1.3035910431089803,-0.593279987761165,6.205971325915849,-4.4060764773833565,0.2778708915704494,-1.9269589093645456,-1.3513544705015497,-5.857054608092261,1,left
5.269,1.1078510207960837,1.6698914639710694,-0.6841891036519789,6.4883104269382965,-3.653284348465091,-0.10205563102952403,-1.9242028570484966,-1.4341758087355658,-5.838784812882626,1,left
5.291,1.04673347383613,1.8645625465044844,-0.7058611395262915,5.616043759143759,-4.7673987906269275,0.5853827413762649,-1.9370017961592423,-1.3142515114343563,-5.885088342710382,1,left
5.292999999999999,1.141766358225761,1.8670760600472083,-0.7417139260940556,7.017303161533346,-3.4471911275068496,-0.3175314019764399,-1.9606903559359818,-0.7210351879604145,-6.01534148051305,1,left
5.294,1.0429936369619228,1.8502793744189152,-0.6987660419565627,11.985399776764673,2.97044047087431,-4.39309772159946,-1.9441491522257488,-0.614306100839786,-5.98372157574366,1,left
5.303999999999999,0.5463410532461709,1.6815392198863317,-0.6184136520081532,13.83862314657642,3.8663105053981073,-5.185116451124214,-1.9937177914775077,-0.6922158516605368,-6.1043913163187895,1,left
5.306,0.5258022812614869,1.6951707275421628,-0.6269933796735389,12.12830123509766,3.492946351110888,-4.676067205532595,-1.9136651991051252,-0.6256122380118121,-5.902351750142305,1,left
5.3260000000000005,0.4814684875522022,1.6447505208891098,-0.5610665234826212,9.678527916716394,7.084927208223747,-5.924113237206791,-2.0041695948062155,-0.7210818715825664,-6.130111631883416,1,left
5.329,-0.030334410808794524,1.3138935121883721,-0.6940877691195191,8.689890294643792,7.504599832629355,-5.935989535244377,-1.9400090214998185,-0.5475577947962043,-5.977610794268711,1,left
5.331,-0.15112721777634014,1.190200289037937,-0.5468381965012937,9.290545491653617,7.020796677456175,-5.828498680048602,-1.274658399275283,-0.3093024183253333,-4.286797246255153,1,left
5.343999999999999,0.5408233844212593,0.8656343069053083,-0.6156084067274952,8.99722780498911,7.3878793220286365,-5.924368287544367,-1.3787763074453094,0.11535028538736741,-4.601989714748482,1,left
5.372000000000001,1.426809887700922,0.5651791472001971,-0.8017680539223484,9.082421901880068,7.209452201579596,-5.889232887758038,-1.1817410359556422,-0.42230159607525597,-4.0246539083513895,1,left
5.376,1.391086979144495,0.7961167799815823,-0.47571572135016843,9.134425403320517,7.236993132951248,-5.889716604844164,0.03578013447299333,-2.530917364250567,-0.6109212147127238,1,left
5.377000000000001,1.4948153174793624,0.5300836018749401,-1.1519230500362434,8.915097892047653,7.164188587367343,-6.146421981746277,0.25153393775713784,-3.1394485662904934,0.05383363331956148,1,left
5.377999999999999,1.3759701097343746,0.8009265272237942,-0.12748874725753645,9.221841545947015,7.269061995128508,-6.418474816722576,0.12771638080943862,-2.562406073517442,-0.38275892628662445,1,left
5.382000000000001,-0.6313749146801764,2.051802766743343,1.488168424842601,8.759037857334558,6.929401818877451,-5.785637696309614,0.1287456246193743,-3.0937951345599943,-0.269859959991149,1,left
5.402,-2.3697030497554055,2.1158981264196255,-0.7162167953147665,9.33785133431574,7.549588666122693,-6.880333343696591,0.23667887176766456,-2.6140789685912806,-0.06637677069559411,1,left
5.403,-2.647790873730644,2.1652812406208666,-1.8863554479020053,8.790594553931967,6.715639477076431,-5.322664663678352,0.9399642471100671,-0.9359328298583607,1.6612107604159538,1,left
5.404,-2.1952284479249915,1.9706914769514698,-0.9925892683499685,7.521314960486656,3.279101880100503,2.046994193024564,1.100716514811065,-0.6171055241111025,2.203078115106571,1,left
5.422999999999999,-1.924549401080335,0.001681254376331709,-1.0353064286666358,7.896024806858907,2.589610325976272,4.190925288738141,0.999735693709286,-0.8278104539248772,1.6568055460623885,1,left
5.426,-1.3708431139608641,-0.3290698284742208,-0.7204463907141478,6.62014520398563,2.911577258012624,1.9260542836763765,1.0160432177596608,-0.7127084490664035,2.1372415345901468,1,left
5.443,0.2612569453953095,0.7515138799783131,-0.3982589964133279,8.872994243697322,3.0277480244613493,4.252544069469672,1.0759979744926276,-0.7748931619733619,1.7667226573689447,1,left
5.445,0.4378937834476747,0.39668035801644963,-0.37545905073909935,5.875189729684573,2.5390987085715113,1.9500754575155599,1.5431331949253293,-0.8435264733659178,0.7120456998539447,1,left
5.447,0.5408791032254278,0.7817493852581711,-0.35427143008896417,-7.200341251699147,-0.24960431548330775,-6.441239640660537,1.6471725318890524,-0.9890202672449716,0.6625749595425507,1,left
5.478,1.8531025417090645,1.8667811354425492,-0.2578132961561582,-10.041470524334027,-0.9430581297886428,-8.140881837983128,1.5745368331067326,-0.7184995243133326,0.522422384404383,1,left
5.482,1.4910141587872014,1.418035997301034,0.023271296682047568,-8.00637866677188,-0.39689190869872687,-6.996983191584551,1.6030845328173475,-1.1392030959001538,0.8351079734483724,1,left
5.484,1.0096009437703186,1.0219116511325192,-0.03619658530007802,-9.192032541583412,-0.747219187718575,-7.597512246911569,1.4111657906076192,-3.347477446228659,2.56661589557332,1,left
5.486000000000001,1.4173338899117922,1.3719084670673813,0.05218488311534259,-9.210798072436877,-0.779641941060789,-7.146080519475657,1.3859679941458651,-4.062500331817759,3.074304754293485,1,left
5.4879999999999995,1.1254455507674246,1.0744012720535228,-0.061417658412937934,-9.978254564046603,-0.9629954839053314,-7.2740379084231295,1.4078236668842337,-3.207691991772291,2.5412567604549103,1,left
5.505,0.25807740742240615,0.6899166658939813,-0.6750275561866284,-8.50771396173738,-0.6724919684249134,-6.990847176371101,1.4016400780805198,-4.190138234887347,3.0732075917046053,1,left
5.521,-0.5264858176463905,0.9758166406481349,-0.8107400584838879,-11.09358006437187,-1.1613437999081733,-7.59134259185973,1.3923301273072592,-3.134907793636268,2.567347494159343,1,left
5.524,-0.5189668787060324,1.1201814609214937,-0.7851230820842285,-7.349936587460861,-0.4603136446260351,-6.662387713826132,1.3150570343434467,0.832165685818574,0.847725084008677,1,left
5.525,-0.48697646279739837,1.0187040798954459,-0.7385022671032013,10.975553208063866,3.03165475698385,-2.0357307556959796,1.3181552834113113,1.6587269487546583,0.5217779073574721,1,left
5.54,-1.0413699121386872,1.1988863467607975,-0.5272083488723736,15.885359809666975,3.923076785882612,-0.9260335656749185,1.2801743501299812,1.1260218909442203,0.6981472773317738,1,left
5.544,-0.9743855378187525,1.1494640994080911,-0.3849754257575473,11.041565155053112,3.0744743460425994,-1.8387821716078327,1.3640883225542892,1.345592210819662,0.6709586052162597,1,left
5.563,-0.4039234175234613,0.832044607798365,-0.08389720053010957,15.618483388352953,3.8391585418334007,-1.2165789518051247,1.236702158742255,1.3635123442826134,0.5897653529377321,1,left
5.565,-0.34413908989944697,0.8189608270268434,0.018975338895859072,11.415096390855354,3.168759634225865,-1.54821340513573,0.6716016022221769,2.105428807533426,0.001212356012937038,1,left
5.567,-0.3850039737387686,0.8086736936367449,-0.029228194963977622,-2.6165184506479,1.0864232197399675,-1.9685134800422648,0.511910944296756,2.177282149304138,-0.08938643010957142,1,left
5.602,-0.323091761359119,0.7617531926573955,-0.026390267977758515,-5.526654073632711,0.6384609116513488,-1.9158388731676443,0.6564384005374502,2.255994239399487,-0.07800551152948806,1,left
5.603,-0.41545344979568366,0.9225076097521023,-0.24767408985190853,-3.5297760436550476,0.9522808972217828,-2.042353000788508,0.5383696383933554,1.995158450285885,-0.00035879450027765693,1,left
5.603,-0.3993588415274689,0.9780234406655959,-0.31773798596383435,-4.642384570779827,0.7724457787112492,-1.9127934464471295,0.32751335232943973,0.10913427819505639,0.7204521455368016,1,left
5.604,-0.42864763877672263,0.9252762250554195,-0.24473099746662091,-4.410304064888953,0.7924119025688696,-1.8524875726185814,0.2634320236667747,-0.3612876202685342,0.8734146677825646,1,left
5.605,-0.3862124320903936,0.969397952868017,-0.3084663187732969,-4.491721270030348,0.8329475520190881,-1.8958236497220242,0.31004980296226736,0.1030766927254676,0.7517930644728074,1,left
5.62,-0.091530887728936,1.0067044956204017,-0.31004489034719473,-4.4728399541078065,0.7101598945838499,-1.7041745824304844,0.27241165868588924,-0.3106447846076058,0.8163332973012573,1,left
5.64,0.0009420840337209975,0.9871635859989198,-0.23127019537568477,-4.632864823067751,0.8975139208734709,-2.047828058616135,0.3072493966607162,0.03255965184149509,0.8107191414916342,1,left
5.642,-0.004893522651453085,0.9783491094079764,-0.21651487597437435,-4.261909147766979,0.6674672365969304,-1.5919870694146316,0.4732726422688779,0.9402984624146509,1.0037527683941994,1,left
5.645,-0.03181376846228946,0.9774150583802446,-0.21744454697414867,-1.7007717539127918,-0.21766431041689688,0.21072320383247167,0.5048002829516218,1.1122050191784218,1.059402974971206,1,left
5.666,-0.1751539490139155,0.965054649748829,-0.1466021688029228,-1.134151397510381,-0.44954357550485047,0.6325525203992097,0.47826563478932765,1.0361605231451398,1.0062055337663884,1,left
5.67,-0.25203075236327477,0.9543793434489223,-0.13075005382458457,-1.6226999100253918,-0.2485951329443598,0.352660025278669,0.49853503637219754,1.0206663950288548,1.0447196048406289,1,left
5.678999999999999,-0.3961800069561491,0.9345565379856011,-0.1714895622581349,-1.2752434350989275,-0.4145060611262229,0.4608487351723262,0.48391805608640487,1.1125217262443297,1.0232098025599674,1,left
5.681,-0.4823769136317231,0.9275265647190414,-0.14614116278232364,-1.4791852312040161,-0.2792264128765294,0.5040862390537999,0.44484481291977124,1.6449794081872637,1.002838058345984,1,left
5.682,-0.400337560677428,0.9301116106405176,-0.17602613511250076,-1.411992253913111,0.13157232758091192,0.9340896917581352,0.43501529817641543,1.8307327344323334,0.9962061931021157,1,left
5.699,-0.475695103304846,0.9119336660919966,-0.2827883904420193,-1.4496893964981905,0.21561735240886015,1.1060199597091853,0.44638917668741507,1.6151501120650318,1.0089222250307515,1,left
5.72,-0.41144820772433977,0.9066235424281757,-0.3169287547735358,-1.9037758789544892,0.1974580795015655,1.1441165140523828,0.43144226593172913,1.8585692077429052,0.9838278490663568,1,left
5.722,-0.09656552628642619,0.9141822869906276,-0.3147781763986912,-1.9204106496194244,0.23086482147809945,1.251153873531765,0.450634557073855,1.5927477442330837,1.022853049392891,1,left
5.724,-0.07908197757441186,0.9056100693810717,-0.34229940983274765,-1.8910031370651517,0.2177155281333124,1.18441424328448,0.5282155366077994,0.5948409817639155,1.2032110886518101,1,left
5.725,-0.06591034532714352,0.9140349925784479,-0.32181187560641994,-1.9412097132487143,0.21780039806664975,1.236723340049902,0.5516201452995939,0.3398182463677666,1.2573117942849583,1,left
5.739,0.1263495320492694,0.9667393084661265,-0.252850038271152,-1.8644145424318495,0.2222718433855818,1.1659977454419117,0.5297929318780326,0.5581782561843472,1.2048650550273896,1,left
5.757999999999999,0.0655883875524285,1.0024112627639277,-0.21344150010279964,-1.9678737982975836,0.22206133434834519,1.2793866695652434,0.5477108935290342,0.3844574777978454,1.2513626885593798,1,left
5.76,0.018646507657263788,0.998121417149055,-0.2000841538749477,-1.8486219805881305,0.20908736847348786,1.1191716459032568,0.5757843358812178,0.057194847970017226,1.3531073167997363,1,left
5.76,0.054415023882552864,1.0018376441637968,-0.22542226797894643,-1.4499786462984654,0.04479884193511351,0.33830222646599867,0.5798957409896202,-0.045799187469504996,1.3825245125232288,1,left
5.78,-0.05771857938496883,1.0078331068876747,-0.26127086974001795,-1.377972057730376,-0.024164386892254273,0.1508345695391384,0.5847573299998727,0.041785641774791805,1.361011190060594,1,left
5.7989999999999995,-0.0477957715277776,1.0125809424496968,-0.2989611261922811,-1.38208440963662,0.08765518137971949,0.30825183208038515,0.571096517596254,-0.04262766113858791,1.3766055205727705,1,left
5.801,0.0628021216892779,1.0271855741975369,-0.3839331878090174,-1.4604408244881593,-0.07019052391868892,0.196882673553135,0.5915801776772585,0.04323841587783827,1.364896914926105,1,left
5.8020000000000005,0.05184093361071864,1.0327386931314786,-0.411004535463786,-1.305409582327466,0.12336732612922623,0.2596667955067959,0.6778257235791133,0.41131602991086147,1.3139365339151752,1,left
5.8020000000000005,0.0740534753104335,1.0276296942418766,-0.3946305494805909,-0.672253351944681,0.8504669405340641,0.43871337813263367,0.7008391082826474,0.47744885299106793,1.3072038630632545,1,left
5.818,0.19963278677737875,1.0418406829860039,-0.40062218098262026,-0.4482667706407715,1.0266621277302346,0.43010963058634843,0.6816181560709764,0.43758339390169987,1.3118162869025483,1,left
5.837999999999999,0.1973316825932831,1.0785487155748283,-0.3725586088971887,-0.6577109989192058,0.910812629889943,0.4523243029788212,0.6956730397979406,0.4491500863992227,1.3086178974180744,1,left
5.841,0.13477923188490698,1.0817594227737288,-0.36555568230553953,-0.991763436697985,1.0745479682918617,0.6339677871962734,0.6868370814119168,0.45658617550157876,1.3118060537530223,1,left
5.8420000000000005,0.21314285547504205,1.0765390154634091,-0.37594903347419606,-1.131476825069674,1.12997818178362,0.6338253115866392,0.6708562923352375,0.4792404555548488,1.3169111088137797,1,left
5.843999999999999,0.1216021246945312,1.0870116529802214,-0.3619024964225348,-1.017473591856538,0.9925409313907014,0.659098976131076,0.6713976585517771,0.4624888912950449,1.3247699966429332,1,left
5.857,-0.10239383614721917,1.0777794297032326,-0.33157259589203286,-1.1202190604120257,1.190371231573831,0.6122329712696113,0.6663965595368684,0.525001937969511,1.3141618590717328,1,left
5.877000000000001,-0.1889858952753623,1.1080943395316516,-0.3035869950064644,-1.0641239370433606,1.6585547741893336,0.15111378706638615,0.6754833059192248,0.40562755527614114,1.324772062513933,1,left
5.903,-0.326045227422504,1.1369081705565414,-0.31176301443741866,-1.1354479336711663,1.8560674577800347,0.08590526972006782,0.6634422173344234,0.5761139507997304,1.3201600900747619,1,left
5.904,-0.3569757230325836,1.1858000848027217,-0.26420639393726425,-1.1352198184465008,1.7363223970482053,0.1655496647212809,0.6164294835709005,1.3070935837431308,1.3197151950871593,1,left
5.905,-0.31617139051288173,1.3241806405845318,-0.2261221403765022,-0.9969556534925766,1.728001450815536,0.04767932432403317,0.6049174648181701,1.5037041949868262,1.3557014405225944,1,left
5.906000000000001,-0.2990990123673547,1.3743184716955512,-0.17915200545253177,-1.3402877066882444,1.9017582861501876,0.23332866044763723,0.6129069798492583,1.3366441993762863,1.28536900048934,1,left
5.916,-0.12609025154632053,1.3963275993168045,-0.029881391637610256,-0.7590183829834727,1.5507557846850446,-0.03722562339303222,0.6095620744233723,1.4582053032624107,1.393695215838775,1,left
5.917000000000001,-0.1249688940942747,1.4462445455872115,-0.02420533407000699,-1.5472811189192477,2.053128262989671,0.3061595390768297,0.6180914560916065,1.5575287553203259,1.8304327171061119,1,left
5.917000000000001,-0.1042530878616738,1.3868931285755948,-0.0033104876959482894,-4.771645408559395,3.993949635225454,1.834083169838149,0.6239103444936533,1.577757738067937,2.0005677605580363,1,left
5.937,0.08047157810584127,1.383565860688206,0.047268560765137524,-5.639622532520148,4.583906280678435,2.1759327552844425,0.6145406460652674,1.6058726123883806,1.8139271298735213,1,left
5.956,0.09261980877697866,1.5643285686800252,-0.10006123315381638,-4.916887770363353,4.075451694443912,1.9105025888405995,0.6264895854771535,1.5309016614894704,2.0048285333996563,1,left
5.957000000000001,0.08409453438026612,1.6867333952576025,-0.12989215993171427,-5.430263229752349,4.437376656816665,2.084110027488069,0.6729544096356423,1.173092902861166,2.5745267303904145,1,left
5.957999999999999,0.05450927603725424,1.5470357682782054,-0.12235716328833372,-6.062315638785499,4.633072791501993,2.038531294800701,0.6873695017008224,1.001413776753552,2.728820409428679,1,left
5.9639999999999995,0.1236184504309979,1.6894749375608336,-0.10958384285779464,-6.185194340273485,4.556646694737919,2.0831602268478804,0.6722534928955523,1.2230105241877303,2.6119733677149317,1,left
5.981,-0.09016588820469731,2.107366138957091,-0.09922827525336259,-6.1615098104533015,4.90254715652409,2.068827722874177,0.6881621779833458,0.9624594674217634,2.6859898526698336,1,left
6.021,-0.7795319210350691,2.043719320186262,-0.3125005896264498,-6.189867855525932,4.293067923050192,2.0508640215046268,0.6718392226357359,1.2285904117367488,2.6567196598216367,1,left
6.024,-0.8370199280468829,2.0300614152814083,-0.2887901912630743,-6.032094636765938,5.104883639115944,2.135101902789737,0.6171304222328033,2.224032532042555,2.648717891143514,1,left
6.026,-0.8318210985397905,1.9808055218426488,-0.35016852744882077,-4.556930013886934,8.485502415962085,2.8477890746187056,0.6052344722866678,2.3229888185654546,2.7180953561999286,1,left
6.028,-1.5916963810463058,1.327882482130673,-0.886275125826582,-3.72874476235707,9.341178566609091,3.2869375555003777,0.6112660437090874,2.3796743946765133,2.596029305511163,1,left
6.03,-1.6904631902978138,1.2023410149333318,-1.000803980872132,-5.060550373853991,8.625127918660608,2.5442620229157127,0.6128186638376645,2.180603076751061,2.760891970300179,1,left
6.039,-1.1099621880076147,1.494977238294795,-0.8259099432701386,-3.2214412426866885,9.167930905058487,3.6169723911123164,0.6031418303432885,2.443525931860265,2.581779284932458,1,left
